ckb1qyq05wh6yy6rr8u5w88jzqj0qv5rr0zx2xksf7vqjq,11200000,""
ckb1qyq06yj7xa8yh2h58vwdsl7fcj76xntlurds8nl6zw,500000,""
ckb1qyq0789mkgmledg4rwsndt2v52xxdm5msfgq0q6vlp,112000000,""
ckb1qyq07n076ckkf0a5dyde0yfl9004v793a3ls0qh6sf,103200,""
ckb1qyq0a6cl5luqqq5vldgqq7fr746wa6sgk4hqzs007f,13125000,""
ckb1qyq0cwa405vqzhqlw3ey58lvlph6kjejjjqsvfpnnf,450765,""
ckb1qyq0f66789ess5e9jdtunvz3rtp2unpem4gsudjh3f,100000,""
ckb1qyq0gftjgxtaeg86l8qenvm8pnu6terdj54qlkn7l5,501286,""
ckb1qyq0h6zezmk58fyhe6skqne9lqpletn8fkqqxelhc5,350171,""
ckb1qyq0hcfpff4h8w8zvy44uurvlgdrr09tefwqx266dl,28000000,2020-05-01
ckb1qyq0lcvg6w47rwqn7deg8df94z25y9wzhq5qf8s2g9,200000,""
ckb1qyq0mfz4lr3a6ftzcra3jm8lept070ls6v6qcx4m9s,44808960,2022-05-01
ckb1qyq0plsng9ytg77cgs4n50ufj6wg9g0s23pq2a8k3e,110410,""
ckb1qyq0q69te6s7llygpllr76krk3a9e2wdtn9qflzcut,50000000,""
ckb1qyq0q90zsy2xufcsx5tfrh6c90g8yl7g43tqh2nh64,28005600,2022-05-01
ckb1qyq0r0lxq8s7f0wlakkn8dvelh48cunxap6swkaad8,750000,""
ckb1qyq0t95t9w5e8t05hmqut9y252ekxqm70l0qrjvg0h,82011,""
ckb1qyq0wrgut4e8f6rvqunacx375gem52ppxp4ql0ru99,56011200,2022-05-01
ckb1qyq0xn6ua5rjcvwtq6723hj9wn9xxwlwlsksfg2w0q,112000000,""
ckb1qyq0xn88jywt08crx4nt24cgl0x8ta4sfevsulw2cu,300000000,""
ckb1qyq22vr9zxclfa6ey25dyvm42j7g0ctdatrqen9hdu,22400000,2020-05-01
ckb1qyq24mguqseepa6tw6d5ecc645nfarmjr4xsqnwaq0,99965,""
ckb1qyq25f9xczh837n68dskjcf6hxcrj3waj3eqzz37ld,150455,""
ckb1qyq29k8h35fk2rk8phkd4d4pxq5rqgfuqrus64dh8c,500000,""
ckb1qyq2azx3eezap3qseph4q632le0yvsv5cpgqn4esut,8641237,""
ckb1qyq2gv2ylqfr6xhrpsg6am92ph8y5fmf0rpqj08aks,4166667,""
ckb1qyq2jw4gyaz8mjwgm676lu4hztvzxem5r0rqz8g4tn,100000,""
ckb1qyq2mmdylt05w7e5zagw268psed36kdef67sklfrce,8125000,""
ckb1qyq2qk7chywmgzfh45s90e2zr4yeac3w2k8sgty65l,50000000,""
ckb1qyq2r637hwgf48vz4jysw2dwputjdlh4zhxs0a44se,623934,""
ckb1qyq2tn97y7r2gg2satkwduwauvyztlud8p3sn72qfd,28005600,2021-05-01
ckb1qyq2ue4tw3jpqcq3fp36f94ngqx7zzkpsznq7pnx94,84000000,
ckb1qyq2usxygkgxgwuxj8xc0ltpzqm3e7f75fxq9mhwh4,44795520,""
ckb1qyq2x2llte5zgqnf8fg4spp9nve7446zw8dqk0929g,22400000,""
ckb1qyq2xdf8w4g7r26ywyya7ww8dq65tj8lfhdqyx2pc6,29982518,""
ckb1qyq2z7xmzmvz9rdc9yglmdfkmuv3dempugzstxeett,899895,""
ckb1qyq84c65cdvxagl8mfhnptuqq3hmurxuut7s9ds43c,44795520,""
ckb1qyq84jlthhsrdgas4h3hfk7n95ahtlp2z9aqmgv7p8,7728341,""
ckb1qyq84rr9luvxnx6xcf3w3uqeshcnyuha609scrmltt,99745,""
ckb1qyq85qjkrwpnzduhwwjvvhacd6szrv5pjp3s8qyl3v,11202240,2022-05-01
ckb1qyq85ql3pej57pqkesqnaj66w7r0yage6mcsv5xxqn,56011200,2022-05-01
ckb1qyq86encupw2wm3nqrlsef5wd4z9vhst3sls4aeclp,11198880,""
ckb1qyq872ejs7zrgpq6e5t7895ndhj0dw3h0n8qa9qt7k,55994400,""
ckb1qyq87azr4srrnv6srq9pnldfhxtwhz2kq86q0609lt,500000,""
ckb1qyq89wg4hv8va28kw6t6teuwdd7063pes5esz67a8w,104700,""
ckb1qyq8ckcaw4d7za5skmk3ka22a4mkhn0a5wsspg4wkz,27988800,2020-05-01
ckb1qyq8cua086v8syrzcftmwx64yemg3fc29lkq6aepw4,50000000,""
ckb1qyq8d56ujw7hnmlxwllxq2qaajeraz08hygq5wwuym,100000,""
ckb1qyq8dgznhsgzgnuwejec2htj7d37echs5fwsq0wmjc,336000000,""
ckb1qyq8ex7lp76ewhsqy5x4uzlc0pus6rllqhxsury0k5,56000000,""
ckb1qyq8jfxnyqvcj0n5vwu84y5ev53g027dttdsn9t9qh,4790379,""
ckb1qyq8kz3xvlpwlygwm5kgel900y920m57rprszzkllh,200000000,""
ckb1qyq8lgxghhxsqmrqzcunvhn793afg2jmyu9sn7r6nr,329069,""
ckb1qyq8mec5fzfgz3c8tdggfgmvahx4jj57sqaqk6mw39,50410080,2021-05-01
ckb1qyq8meftwl2qaykadjvhdv0z3j8c35fkmj9q25lwux,112000000,2020-05-01
ckb1qyq8phsu3z4pvsdkd8xrcq9hea86ahjxadgs6xgtrv,5600000,2020-05-01
ckb1qyq8rfmu6nexxymy7u4fxwzpru8229qwp5ps9mq4tk,22391040,2020-05-01
ckb1qyq8suyds773w4jgm8u8t3wgmwshddqdv3zsh9k90m,22400000,""
ckb1qyq8ve7mfn7uywe2mwy234j04eqrj5galzss0lwjx3,50000000,""
ckb1qyq8vtru9qs0hew3pcytlfe4jdgs6qequsaqn4gdh0,224000000,""
ckb1qyq8wlf77vpv3y7vvssxufc8d54prk3xtv6qdtlv0d,22391040,2020-05-01
ckb1qyq8wumpxu39jye40zetmnruj0z9qv365xjq7kxfs6,56000000,""
ckb1qyq8z93tpxwj9ugm7yxafqtlyljeycum4zks4vzxjq,672000000,""
ckb1qyq8zudgurq0rd646uewx7dmacnmdyyngpdqrnjtvm,217347,""
ckb1qyq8zzhxh5hwx0w5m05dkvfhh0ejg8yuasssgtc2n3,99842,""
ckb1qyq90022sw0x5arn9ajaav2ddxkuwgtuqe9spexhve,56000000,2020-05-01
ckb1qyq90mh30nd76l82c3k3qnky6fq8exn8l8sqr8gdz5,250302,""
ckb1qyq92n2mxzzxujjettm5qchhmdchwywez4zs33252g,500000000,""
ckb1qyq92vzz62uaaxsyt7250wx74sl4nhcq2snskal9dy,100000,""
ckb1qyq933arqt7waz3z0gp2xahmcm29l90dvd4qpmj8nt,1428000000,2020-12-31
ckb1qyq957du3knt90l5355eyex33thhrr4780wqzqcv79,56000000,2020-05-01
ckb1qyq95a8l36xeps48kx0xh5ssfkktjhtqnq0smwtct8,28000000,2020-05-01
ckb1qyq97ysu3yyk6r0e90tq7wv4hh27c0taw8vsmw2yy9,500130,""
ckb1qyq98d86j23crkqwmh40zudg4hawzwagyykq04zamk,99255098,""
ckb1qyq9ayu9chlec3vm3qxtr05vruvwq3cwxpqqqn3yn6,56000000,2020-05-01
ckb1qyq9c5mkqmf22ha8nk5flemvf8y33mgu98vqdjcd53,5600000,2020-05-01
ckb1qyq9dmcrtue6qlx27a8f9m6hdmmjw6djvh9sycra8k,1333600,""
ckb1qyq9f3h2pp7082h3dzy4596sw6c6xlydnxnsdp804r,50000000,""
ckb1qyq9g3n6ef8r4hh5x77yvc6qzskfyftquj4q690ad8,2500500,""
ckb1qyq9h2c8f0m4uc5px0ln6sa45rj63fdnqqxshejqf2,112000000,""
ckb1qyq9lka4x49y47ma9sg2ugq6u6f9plvyl3sq3lslxl,759649,""
ckb1qyq9lr6j6dld7vka4aq08dz58asyk3ezkerqgmchr3,100444,""
ckb1qyq9mfew09rwa77d7ehy0g65pyfz3wqky9nqg693kk,1000000,""
ckb1qyq9mv8nllvyzyv7c3aeve7m4zg9crfukfeqm83j5w,11200000,""
ckb1qyq9ndqd463mknscxq0atgjd4yatwg7j8n2qc7f384,28005600,2022-05-01
ckb1qyq9pe5nh87hv6kqk37e9k3dtguv4gs3ueesydevtc,22391040,2020-05-01
ckb1qyq9puxcfxf9rzq5ll5twpefkjcartghy04sqa3eme,11198880,""
ckb1qyq9teqs7029a6v4p3nl5wvnx7nrqux3d72sf8cvc3,14063315,""
ckb1qyqd0p5ah0rx36mmsuf0armev0vf8qef2rgsshxf4h,601700,""
ckb1qyqd2sg70h6e6tgep3pyngeekwjkxpl04c7q6435x5,28000000,2020-05-01
ckb1qyqd4azamx8x2ml8q5feg7pg9cr74npw93hsajy72f,201699,""
ckb1qyqd4fu84zayad5telrpfvvhfu272arcrppqx3zen4,22391040,2020-05-01
ckb1qyqd5h2s0t9v6d569x64hpu0zjtmdx06fs4s3pqf4a,34000000,""
ckb1qyqd5px9pf5fcv2z8ucl7wpeeckdgwus6fnqj6rk6y,174231,""
ckb1qyqd8j0rqpleh4wrmgxnz38rklndchmgtuhqta8ayd,299227,""
ckb1qyqd92x5fn3w9e2vljmckg04ewk02nuqnsgqzg7ef4,120027,""
ckb1qyqdajpyp5jwwlq9kxuwm3d30sk3l0mf4lhqd7m0lw,50379840,2020-05-01
ckb1qyqdc4qt7yj4anj26ltfzwn8fk9t20ynlvsqzzzf0j,28005600,2021-05-01
ckb1qyqddm7swe3xf3k3dg6q859gaqq58l8exhpstjtr3q,300000000,""
ckb1qyqde43e5r46gfdcn2l3jek0s235vqu60y0qvc4pv5,6500000,""
ckb1qyqdg2s0sfa7e2zfgl3768eznsmtrzxsjdrsqvlxwe,100000,""
ckb1qyqdg8j3y9rt3jjxv8p4fv025atqm3lx9csq34v8lz,84000000,
ckb1qyqdgfk8965myhvwe5rdxr9q74hju8h3mzsq53n5vg,420000000,2020-05-01
ckb1qyqdjp3akts72lsfcn3uc5tpvvxjf66wxadq44atya,84000000,""
ckb1qyqdp20r0sk07hp72v2jx3zuch7pchufr4msrhmhhw,99603,""
ckb1qyqdpzkzu4qkpc5ws80aagu7d4gwhjp7jqrq9ec7g7,2000000,""
ckb1qyqdqh5nlhrtsyye3zga6d3xl54yafzgmxhqsrpxcr,67213440,2022-05-01
ckb1qyqds8u23s0lsrkteve0xe862khqsgk6vtpsxjeghh,100317,""
ckb1qyqdxufs8j3qd9xskmfkm4x5suk79dk9u7wql84sts,14002800,2021-05-01
ckb1qyqdz2rnw39u7z0pvttazvu504ydnwur83vqx8z4pu,559944000,""
ckb1qyqdz56fzume2uxjdyqpxx8pdvn5ffu9y3cs0m0lsg,300000,""
ckb1qyqf24n49a9n2ap2cuzk7w9rlyx3sr7sqnzqd6cpel,1667000,""
ckb1qyqf2v4zd4a8c627juh503y9vjmkmr6tma5s9ng29k,27997200,""
ckb1qyqf3c70dd30etp5nv6kr7xhmmxczl239wxqmut3r0,13994400,2020-05-01
ckb1qyqf3ptr69yavrzjfsp42cf0vx5kwf79tl6qnfggpf,84000000,
ckb1qyqf6h6xnw8ffjrznn5ga7zgykp4lcmuq4aq382nd3,182000000,2020-05-01
ckb1qyqf90emt9qh20036h30veqrvextw0temkaqw8uafh,100000,""
ckb1qyqfcs49slxs5xeqt6n0g4jv8lgp3cllkflsnw035g,224000000,""
ckb1qyqfdfd3pdylls4wzexdhklvf43mqmpr0ncqxjj80a,11198880,""
ckb1qyqfdkqfagsg5mnvc94wagwl2p3cg02t499q9mp9pp,280056000,2020-05-01
ckb1qyqff32e3p8f74jutd22qg8xdhtm7etllyusk5rmkk,33606720,2021-05-01
ckb1qyqfgemqznqgfxj9ghp0yt0u64cp8jnswhaqdv93cr,44795520,""
ckb1qyqfgkfz08wjnpcc38k0t0tm9uz7trrvkc5sh5ppf7,94030509,""
ckb1qyqfjcksku95u0xfucad9f5hsrzdqmflhcysdpl4wl,85791904,""
ckb1qyqfjs5wsmjnrz5e853kr378pqawcp5e22hscsxn8x,56011200,2022-05-01
ckb1qyqfm5wh0u0rs48d65wn63jvnf3d90ncfu7qw6y2ur,40000000,""
ckb1qyqfpugdzwelvw79m3k9maafu0yx6hvjhz7q9dqrpr,22400000,""
ckb1qyqfq2cnl98dflmztkkr0dvqh42c2jjcnsjss0nlln,100000,""
ckb1qyqfqwsxx0m2k3tauz00hruymsn3m3ygha3qy9fymq,897322,""
ckb1qyqfsdna82mgcwhgmlhf652lyaellurra32qms5q6w,110729,""
ckb1qyqfupa2n60vkr246ra6ewvknpn57zsgal0s5hpsky,14002800,2021-05-01
ckb1qyqfvvtcmhcgmmkusefw2tfg4tf5vw0zheuq4kxgsl,5601120,2021-05-01
ckb1qyqfx8g0zwmz9gsm0z7002f6u907mzwgmtvs8khqrq,150453,""
ckb1qyqfz5rhgtyswktvysr7r45e82zwzmkh7kdsxwcajm,28000000,2020-05-01
ckb1qyqfzamgrf6ghfjzcdqjy25jev0zm4mt6jxqqqgmd7,14040900,""
ckb1qyqg007d2qerax3x4nfdh0dsqnsj3hve3lgqhatl7a,84000000,
ckb1qyqg0v6sndwfyqyh0uxwg44qgp4qevrc8jnqqs7g76,84000000,
ckb1qyqg727c5jagfcmuyex44a90zrl6ajqj8muswg0fcz,50000000,2021-05-01
ckb1qyqg7cqrwd7r38pvgqg2wlm0657xm2rvq56qdezkz8,100146,""
ckb1qyqg9dgfc5smgh7qhfu5cmwdyr5w04jhhxhsjam229,8368421,""
ckb1qyqgaa4dcs7m635e4e37rewmwav0r0sppmzqak37uk,999948,""
ckb1qyqgevcvucvnfkvdnex5006ghvmalr4vxl8q3p588q,105777584,""
ckb1qyqghaeq6jrqjwxfxkf2zvzpkw4qyemcamms2c3n7r,100176,""
ckb1qyqgj0vxaacjpzkfnzy0y7syyhwvk9ap6k3qhjlqnv,560112000,2022-05-01
ckb1qyqgj60la0c396lh582wm4902ngyyzrywnys34q47g,56000000,2020-05-01
ckb1qyqgkyqhjfg0fjzd23fp8gxgy2hna7s086yqvq5pe2,100820160,2022-05-01
ckb1qyqgnhe78csxgshjqhhnucfnahhyxqk9pwqqkf4jqm,450000,""
ckb1qyqgnyueq6gzm92rf58xahakrxldkzuvrelsf7096v,2449503,""
ckb1qyqguhchwqu7hrgpdmqvuu2r5yuky03yumvqxfdvsr,56000000,2020-05-01
ckb1qyqgw8auepevnatr7mfp3dzls5lmt2qrlcdqfuq4wu,40000000,""
ckb1qyqgwhq94rh8y082udeke0rwfdyfkd4yu2psv6604k,50000000,""
ckb1qyqp2clf3ckz9w9fjd98yjwrvzvx70zwk8xqle0skp,19600002,""
ckb1qyqp34rmxrl3fkkvxf2dh252and6j3f2fq8qxx9qmd,221865000,""
ckb1qyqp3u8zj55vznhd2rup3l4g2jadjxyf495s7e79v0,27988800,2020-05-01
ckb1qyqp46tq0l9xrw9u2d2r56pz7zsuwwqapn2qft2gzc,55994400,""
ckb1qyqp48p53h3wjel5ytgvyu7m9kdhufjll4uszvysam,100341,""
ckb1qyqp4r74eddt6q5z7vj8rrvj99vfys0nhmyswdcr7u,230686,""
ckb1qyqp7m0t8tjgmwcpwevyc9xsyp4839m6zwrqtyfgzh,100000,""
ckb1qyqpc2jeevuj4asc0vvsm6hmckc6w0f99pssmnnlcs,353073,""
ckb1qyqpc5g9m3vhvq9ra9je378ykhqky7j8dauq96xste,47015254,2020-05-01
ckb1qyqpe604kemws8vjg3k42j875h2slms64wkqpa60gm,249999,""
ckb1qyqpk4qaq2jmfphjjk5rqqg3wf92hf3zmx8snf2f9h,997926,""
ckb1qyqpr7qlfx7ms5razpr9j039x6wwthpxd3esyu5vrf,300000000,""
ckb1qyqpzkn06eyx0qpnfpc39uur4v8e7ajjfwms6fqlvp,249425,""
ckb1qyqq0430mkk4zy6sj85vux4nx3cgl3lrtmdqn8sqps,100000,""
ckb1qyqq2ugngdtdqv4ws63wf9de6xq4j43g7p7qmywkxu,11200000,2020-05-01
ckb1qyqq40pscgw2xa2dsnpsqphk78kqy9jj68rqlyfr3e,100110,""
ckb1qyqq55xl85sgyd3wjh868jnp5gxl397l24tq0kylh0,124784,""
ckb1qyqq62n8us6kahlm8jlvelr8kvh444xs4qnqdxy83c,200000,""
ckb1qyqqc3sfyps95yc7043fzwldtp230zqqtv8s7ksqhd,168000000,2020-05-01
ckb1qyqqchh8xcy56se5xvsfqx87d4rn5j4wrz6szatd8r,99873,""
ckb1qyqqh7xctx8k0jzxmk6h63wtvrc7lfqeat0smgtry8,33586560,2020-05-01
ckb1qyqqhp0ymlfx3wval4h65vmx9tmala9rgrkss73su0,200033,""
ckb1qyqqjvt7uc43g446k4muez2g4lcv203jrh2s28hyju,250000,""
ckb1qyqql4j6ulr3pnhfkqy2y0sp692s48n2pwgsgzw2s9,364000000,""
ckb1qyqqmtp2xt4zhg3dw9yrlqdzs6u09xn8e9gskgyh28,1000000,""
ckb1qyqqn84wx3hnpm60u3lycd8jen6w54z5pz2qjml4zf,10000000,""
ckb1qyqqn92uaqztz8d27qxn4pj4dvydpa8ttp0q98tzkx,84000000,
ckb1qyqqnuzpjx9g4f7fptueh8yurpk6s7kqa83qrhfkd5,170040,""
ckb1qyqqp8kmfefs0s4vvah4mr6r0q95ajh5r9asdk2zj9,185400,""
ckb1qyqqrmdx92a0gjec82adratz27n0q5gl276szpfsr6,100789920,""
ckb1qyqqsnj83ujd37gdn0fhva3w955cd8jzh08sugwhat,150000,""
ckb1qyqqtha9tfs7nck2fnmvc9zryt2yffh667mq085yhp,22404480,2021-05-01
ckb1qyqquuywuxp73d796u5jlw9m8egw7muw77pqer0gtl,100358,""
ckb1qyqqys5cxdr78ch5xc88enlkrz9y9g47lt0qezs43g,112000000,2020-05-01
ckb1qyqqzdqegq355s8pr0kpqtjdp0kzgegj4cwsamn0kr,99386,""
ckb1qyqqzfc6a43pr7u65vmmclxsl0s722kaxa8sl05w7t,67193280,""
ckb1qyqr2aklqhwycl6n6r2tnhm5rzqnms9448cscat6v3,500000000,""
ckb1qyqr35365ukn398zsakshjz3h4qyf705g2gqmenxfr,100000,""
ckb1qyqr3wy3axczhgth4pyhhglnr6lsf9hpgp5qeqd63v,83900000,""
ckb1qyqr6pm6sgyjvq2yx32ajk095m2xras973esullq5g,1000000,""
ckb1qyqr9h5cfg5853ttmdvjxsr4fjf67zq38q3s856d2c,100228,""
ckb1qyqr9ryxy03m3n88kazuwkypjgzy9xszse4slqma5d,241648320,2022-05-01
ckb1qyqrd25a8xz7s3lgx38wq0lhd74ghtjhjy2qfehej2,14002800,2021-05-01
ckb1qyqrf56x6szxv0vvvdd8lhr9j6tlhp946e4qjjzf0p,100611,""
ckb1qyqrhsc8rd488vzpjerrv0qzwcf5ksjjkdwqrhml5y,3420414,""
ckb1qyqrlhm9x6nn5z0pe3jp2k9mwfm7mxv7m6nqx8puqh,1000000,""
ckb1qyqrnkge3vcgshkywv0klcye9dw39vkqwscqvjt22l,33586560,2020-05-01
ckb1qyqrqtsfcqnhm7522v8g5yccs59tj0jyw2hsnsuvua,200500,""
ckb1qyqrsrv2avml5n8hjj77a6tmx20374qdvaqq2ffsgt,300000000,""
ckb1qyqrug6qx0upxu3ke7nam82ke30r4v2ytz6qpnh5uz,44808960,2022-05-01
ckb1qyqruyy7thm893ajru082q5wc2yrlar8v43ss5utpv,100000,""
ckb1qyqrvjt9dktfehnfh6pt3pqakzjkq5qhfsvqxd2ctl,846526,""
ckb1qyqrxdct0h4eg08u6f46su00uqn6wqr96wusccgdyc,56000000,""
ckb1qyqrykp4tghxdae8tzw3knylwgwlgsu6wpfsqur7z9,44800000,""
ckb1qyqt07t04chf0asqcy8m39arhanzhgde8paqq7ypt6,450056,""
ckb1qyqt2g26dznw98lys2awknfs2aralcdq6taqgskvg8,100000000,2020-02-01
ckb1qyqt30lu8jr8t550g6gr5qgjuvh6mfrmwltshvxph9,1260000000,2020-07-01
ckb1qyqt3ew04mwh7eh0quum5v9th45v4gdsw6aqkgeeth,199892,""
ckb1qyqt692h7acjr30zghksm2glafqtn0mwn7yq2qrndh,420000000,2021-05-01
ckb1qyqt6egjs78wqkhvz8kguarmdedm44m0snmqrj4f7e,100000,""
ckb1qyqt6mejhtyv6n66tg0fs8v4nhae4d7csvusagz8l8,84000000,
ckb1qyqt6w05mvzmxgc9gsnkec8lrcgkpvv7enpqjcmdvm,67193280,""
ckb1qyqt97tq750xa2y727mpg6qpqazcyrmvgwcstfmxw8,2856000000,2022-12-31
ckb1qyqtcjnk5r455n4f8nkwug4qt8dpwpeasneqjqsq3u,100000,""
ckb1qyqtdnuyz5namw0kvv0e2g3x46ug3d86s05sn2qp4s,13994400,2020-05-01
ckb1qyqtk25pljft0rnrqmfn4mn6czgdfdmluzrspr4enc,55994400,""
ckb1qyqtnnwav4zjeydyp74rtv3s5uwcx67r8xcsmgmkkm,100000000,2022-05-01
ckb1qyqtp2q8gvaz72xet5kcl36cplrz53lykyasu0gw2g,24000000,""
ckb1qyqtpss8zcs6zexgret4jscz24lr7gxzxj3sr5a9z2,5600000,2020-05-01
ckb1qyqtru7wgwg5krkq26twu9sjg0kge82qp2msrpgchz,10588260,""
ckb1qyqtt73mfekv7skqyn52svwvgqxwy4unhq4qek0xjk,44795520,""
ckb1qyqtuhe3kq4g5fqstxlhryggze9lzf6h8v7qukn5hy,3334000,""
ckb1qyqtvdqsmdu3wp7qkq65jcrzhztcrd3nh88sp2s50u,11200000,2020-05-01
ckb1qyqtwtc8rl0r0z0hnk98llh2tzcnud3ms5ys9xx834,100000,""
ckb1qyqty6v4m8rtyve62zutmjf0u3kfqx8fwu6qx537y0,100819,""
ckb1qyqtzwj0jwx9utj5rtmfxcujjs77tumr860q3jep62,75757576,""
ckb1qyqv02eetzz87wcdmzd70nj2p7cctjkl7mkscvn8pq,67213440,2022-05-01
ckb1qyqv2haxpcrwa065dxltdg4qfhn6ahdwgpvqmsaj8r,1667000,""
ckb1qyqv6uyjv3x7636v6dxsl98vg2yc24y6jrcqwnsmjc,50379840,2020-05-01
ckb1qyqv7v7tendasvekhawmhzxf5pykg4t0m00qnghlfs,33606720,2021-05-01
ckb1qyqv80wgkfrg85mlkhdw45lyrdq5hp626tds25zc8d,840000000,2022-05-01
ckb1qyqv83f8age4gefdrwc4nfcwz4ja3chkhqtqqyygz0,498790,""
ckb1qyqv9jvp7npvdwdtzcze8jz5hqkza20z8dkq9vsjre,22400000,2020-05-01
ckb1qyqve6a8ap7zqr7sqnt3ucugteuyems2anfskct9f7,102687,""
ckb1qyqvfd7g94tuagqtl4495paklx5rrntdcczsz9tjgv,100000,""
ckb1qyqvg9jnu7dtgtkwxr2ku8t58f0kynces65sg9n7jw,50410080,2021-05-01
ckb1qyqvgsyj7t37myqagmqzf6lwew9nzaca68dst3mugn,499756,""
ckb1qyqvl9sv925ma2tq340257hh5tzddc8a70lqwt5qzm,1154525,""
ckb1qyqvpaxerd3gsnw24thqqqt7pd9r3szz45lqrk9dl4,22404480,2021-05-01
ckb1qyqvqvfs6k320jrx4wewyru0mfs7hqtrehnqpk9a86,112000000,2020-05-01
ckb1qyqvr383ltz0ux9t5f8sn4l2uglm2jdctqms7vusvf,1000593,""
ckb1qyqvumsvn8we8medvelfk6dshe77kxzqvsgsfh4grt,506365,""
ckb1qyqvvmd3gxxkgd6ud8m4hg2729h0pqyu4lsskkx0h9,159000000,""
ckb1qyqvwqpqvw0xv5lc9d40jhke6cmujeq3nx8qpzzunz,100000,""
ckb1qyqw5f224gwr8u3amql0448tanp05r4gck2s00t4a4,44800000,""
ckb1qyqw5wechm6ldjml2w8jq2eg6yyh7989zpqsuqv3qt,3750000,""
ckb1qyqw6lsa3c4tg75pctmunxdx6ymqtl7ptzzsddd69c,11200000,2020-05-01
ckb1qyqw7446gy2tzjhkl32ua9qcj83cmtud54wszypnz4,52888797,2020-05-01
ckb1qyqw9n955pj8el5dyum4eksf53rdf6lyfdqqs4mpgn,27988800,2020-05-01
ckb1qyqwc36am4ktlmjpdw7zp9gvajwkkzlmlkgsfxu8zx,28000000,2020-05-01
ckb1qyqwdtjmjat92d3wyw6fuack30qglal8m0nq9t4jme,14000000,2020-05-01
ckb1qyqwf6xzn5ckn7wkh9368wz7xq58ezev2h8stk6tu0,124610,""
ckb1qyqwfskqjh36ej5s3s4f0w7auv552xeq8vfs7zmae4,100327,""
ckb1qyqwgnp4t823yy4ez7ryq02jcwnqxuvfmuvqgqn6s2,99800,""
ckb1qyqwgpkglzqc6qjy75tnwsrua43a0f9sg3eqr0qd03,84000000,
ckb1qyqwhc506t485c3elem70tkr2wlgn5lecteqd8kcjw,27997200,""
ckb1qyqwja42k4wjvfnr959mqeqxsjcx9qh3akjqgqpjda,1001202,""
ckb1qyqwjtc4gpegpz67pdxrsu9y9qqhugccrc3qwetnjz,22397760,""
ckb1qyqwjxfga6hny50cwcxjpluclc60wxfk5rzsac4l3e,13994400,2020-05-01
ckb1qyqwl94jkpkkzjl9elxq9nvh9jx28z5hjcgqygm8dg,5000000,""
ckb1qyqwmdf64fcgk3dc3hezt5q724degwu4n3pszl385d,27997200,""
ckb1qyqwns7esz6n6vdyqjk7t7hfu0pzjr2zzhtstm84qy,2500000,""
ckb1qyqwqlu2tpunmd30dj45kqul3z444q4pum3qeunapw,44808960,2022-05-01
ckb1qyqwrdqf77rmzrsg2kv4x3frmhqxjzhh48rsafgq7v,22404480,2021-05-01
ckb1qyqwse9r4h6a5thgqt3hfyfrztnf7jk96lqs8783pc,28005600,2022-05-01
ckb1qyqwyhsacgc487zp82lfesz5fn2mez84vwls44dugv,20000000,""
ckb1qyqwzjr7unlw0rde3h6v8t79q2t3hjpksn8q4sc32j,1856355,""
ckb1qyqx228efa4xes7mg2c0nxpucdk3spsqf7pqah5k2d,120824160,2021-05-01
ckb1qyqx2x8mgtzppkd8e7lke9h6v8dpj3z2y7js20vuun,240405,""
ckb1qyqx39nv5jyx84ff7c5x4st9ga792wg9sjvs802ttr,42000000,2020-05-01
ckb1qyqx4pm9v6lhc0lp8qsxwavcel0xsh00uvas59gcgd,573000,""
ckb1qyqx4y5ys0yzef95nvuccfgkyyz029zql06st823nw,50000000,""
ckb1qyqx4zqwc9fpcm7rshwhspwv7lkk5qyz9fuskxqnsh,199848,""
ckb1qyqx5yffq62rs464rgys4epyzmuxx5pg668q92yxha,56000000,""
ckb1qyqx70rvsadp6czp7urgmtpaamkjxpv29vhsgknqpq,998877,""
ckb1qyqx72hyxtm24cx8y3zykjdd2m656u4evmnsdvhj7a,99853,""
ckb1qyqx7wdrdgs6pwxqezf4clepmheud6ytgl5ss00jct,42478100,""
ckb1qyqx874y9rg3xfcv7jgkdtyk4agccm3dznxq34nqjr,110911149,""
ckb1qyqx9hmxwx3myh65asvux5gl98k9kq98u3xs90ugl7,301554,""
ckb1qyqx9rwgh0yttpyj8dzgv54rra2pt0gj6uqsm24sa3,22404480,2021-05-01
ckb1qyqxcu7dun2cxu06nlahr64fag2j03wlx9hsarmj30,84000000,
ckb1qyqxd3594ddue9erx9e88j30rva3h0xp672qvy8sme,100321,""
ckb1qyqxevmy5wdxhps7qfu25h7a0rcpq0hf3h5qc9jplh,112000000,""
ckb1qyqxhwt0lr9xuq9s9ftj9x5pzm2zfjt7lygs5lkhmg,112000000,2020-05-01
ckb1qyqxkrzpt2jea9g0ccvfyx3fmmj2lht4mrtshylump,56000000,2020-05-01
ckb1qyqxmwaxajg0gmf6sun5scapr97yytz0jcksmumf6u,130000000,""
ckb1qyqxn7cc0f9kqr4rqd04lpp73p39cha9qfqqr8rnlw,2000400,""
ckb1qyqxn80cz3eehramv0zt26h35p9ucn7pqq7q79dkmx,224000000,""
ckb1qyqxqv3zx5nzlp8wyp5haw8f9q3khd5tmqksqmchd7,44808960,2022-05-01
ckb1qyqxt0dn43uxksmtq8aqre2vs5gr7aq99v7sjzv284,250000000,""
ckb1qyqxxg6tga3e9agw2agxsksj9lfuc4xnseeqwjqlt2,84000000,
ckb1qyqxxkgn2r9hga72fqkcqs69292ylu0mjpds8zhyyc,43000000,""
ckb1qyqxy2cjet56yla5935xmmk0x3hhywg924kqcxpyvj,45000000,""
ckb1qyqxyggzqey8kx8ngcsvj8l8hldrf063dywshutt83,19600002,""
ckb1qyqxyxma8ak4jr3vxyj4k8es8mxcspjzjmrqyl8s8z,50000000,2020-05-01
ckb1qyqxzzdukx2e5j8cyhvalq2xavzsknvp47pqgt4k9w,100820160,2022-05-01
ckb1qyqy37e0vug4r9rm67gr6td624rfv8hc89lsmy2y5q,99896,""
ckb1qyqy49zaf9ru04k9hxm449ayfxnytpzcjyuse6ndvu,112000000,""
ckb1qyqy528da2zwkzeqe9j0lare9cju20wh8ggqh66sp5,125000000,""
ckb1qyqy6s9uy7c2rl96ht8lwulml4a62j8kz94slqk6d3,100789920,""
ckb1qyqyckrvzz2gfn66agt4dll280lyprvhm0qqymd7xt,100000,""
ckb1qyqycr7y2wmeex4sn952pdy9aqfqu3u5zrkqh2l0hd,134295000,""
ckb1qyqycuux4j7jr53u3aqk9td4ctvpcqz7u2hshwl7yt,275100000,""
ckb1qyqyddgj6gsgk9s2z3f8s0sz2cykqkkzzfzqu4sygl,42895952,2020-05-01
ckb1qyqyds5jh3360gxkjdecj9zy52sxhwwhtd8s8r89cv,100336,""
ckb1qyqyfx8c5u8e7hmnxhetuavy87md0qh25fus6lz9eg,120000,""
ckb1qyqygn9hv7k0dlkcl375hs5l5tg7w9r0xh7scw60ml,500724,""
ckb1qyqyklanpvhkfy7hy8pyzmax4pth25jda6gsmyfdee,2522395,""
ckb1qyqykzu52pq0ysaw0v03hjkgz06wg42t3g3s63hau8,100000,""
ckb1qyqyn00mj6feuw74y358c6e3ezc8lr448euqq0d0ts,28005600,2021-05-01
ckb1qyqynq3aphe5utqqm7jdwzx964ft8ae8emqqwr2w6h,3259921,""
ckb1qyqyrqkjg4nwxpcmcu7xlr7hjpkxqtdcd3zsz8r3me,20000000,""
ckb1qyqyrryqd8j79g64h2xzhsqwt2l2dpjpsp2sqklpcl,224000000,""
ckb1qyqysustuvtx83amfwpmv2kle9kjlrgtcyeqepauw5,50000000,""
ckb1qyqyv2e03wm46ut04jufh2tcs79re9sxlx4s7udy2f,5597760,2020-05-01
ckb1qyqyvxvfz3wcva55n3s5gqwr880taw7gsslqfgz75e,400000000,""
ckb1qyqyx9vqqvs78gvfh264c0l4yqetcswjyvxqvu0hjw,498186,""
ckb1qyqz0qnccqvf89wz379234l8kj3g3rj0r5xs4f5xu5,168000000,
ckb1qyqz48x65v2qvxk6q4pc94as0qk94qge0zsq6dauvy,200837,""
ckb1qyqz5fy3wursqhjekx3uphau4fe7pjns7jcq2x08wj,112000000,""
ckb1qyqz5mxsp8l4l6w6vgwc7s5zvf7syqqkn59s5hsr8k,28000000,""
ckb1qyqz9hj8wuzhn9kgnrq5fcpxm7tu4z25gncqpl3yv7,120000000,""
ckb1qyqz9qeyy6x93jrc7aagq8dfwa2thlhgvhdslyjh6r,102000,""
ckb1qyqz9vp8atyvl32qr52f6tffvjjp6dq0fthsrdcvuv,10000000,""
ckb1qyqzaaahfklsrlwkttfts0fs939jsz2xvuuqraqqfd,200569,""
ckb1qyqzacrjcqc6n6pagnvc0qmxthyszq7xr24scg58tw,150078,""
ckb1qyqzcek6uqlk5pxh7kmptlujy8l3n8dnr6cs2z9dqu,300000000,""
ckb1qyqzd66psx0k73agh9geqep8k9uf7mjr2ljstf6uay,11200000,""
ckb1qyqzmt3smkgfweae0d7dmdtvglthpvv0erzs5h4e3e,279888000,2021-05-01
ckb1qyqznk7ualqlhwx2qepgnykk9w0m0y22d32q976q0u,120751680,2020-05-01
ckb1qyqzp89ytyauqt8txhtth2epy2e9s4msztnq76h0aj,111100,""
ckb1qyqzpm5t97xq3recu0mcghl3swdjmlkdm98qecwy3d,102500,""
ckb1qyqzpxha784kd9k70lfg8sjwggssraws9gaqfwjm48,299314,""
ckb1qyqzqcpqw8c9zucg3eel0qdh6k0htmycf9fsdrtpgf,100459,""
ckb1qyqzqkek0lz2yzsllaq9hvflpnzr45lpk75qx7h80c,99791,""
ckb1qyqzqxge6sulcdu0sllzg5hts527yeq246hqyhs0e4,700000,""
ckb1qyqztze3alzt3mnrnhg64f9dm8nanxpps26sz4tdwn,50000000,""
ckb1qyqzup09jy7kkwkw4ttvnqzddjqrfp7s9j5qsvjg7f,1000000,""
ckb1qyqzwefkzpsvgc8fky6vfwkxv9zfxqg5n6mspdvpt8,56000000,""
